id;date;type
nyt://article/74237053-99b5-5c5d-8e8a-1bdeac446347;2018-01-01;News
nyt://article/d497c1e0-fd51-5ba8-85c0-4aa6776291a6;2018-01-01;Review
nyt://article/e0aec009-35be-5705-9c93-e0b58450b981;2018-01-01;briefing
nyt://article/bb3bbfea-c76a-5f2c-b846-62c08284a843;2018-01-02;News
nyt://article/80edcc27-a3d9-5371-b7ec-a2a53af65578;2018-01-02;Schedule
nyt://article/1a677bfb-c0fb-5e93-b00e-7211749a9725;2018-01-02;News
nyt://article/3a1d409a-141a-5065-84ff-b990571ea2b8;2018-01-02;briefing
nyt://interactive/fc221675-9388-5c17-8270-085308d9fcda;2018-01-02;Interactive Feature
nyt://article/c3c87c32-472b-5fce-8f7e-df47c0f171ef;2018-01-03;News
nyt://article/10deb74e-fdb6-5245-824b-ea70884dcb3a;2018-01-04;News
nyt://article/51189358-5ef5-5206-9d47-dc95571b2b59;2018-01-04;Op-Ed
nyt://article/647e5944-2364-5e9b-8d0c-82337ecd9d28;2018-01-04;News
nyt://article/e1c4109f-053b-559d-8ecf-39633ee73445;2018-01-07;Correction
nyt://article/ca327fe0-25ce-5399-8694-ada22a9a771e;2018-01-10;News
nyt://article/e22704a7-ad15-5c49-bf30-e790ff69c724;2018-01-11;News
nyt://article/8f4aca80-1bd0-5601-913b-9d7450e34e59;2018-01-14;News
nyt://article/f922f455-d568-5b17-8b94-9d3e2931012d;2018-01-16;News
nyt://article/e1cc6d28-578a-5d60-825b-c4c6f9e3fa10;2018-01-20;News
nyt://article/440b66cc-8ff0-52fb-8319-dffd72ab6e84;2018-01-22;News
nyt://interactive/da4bc8a6-1fc3-59d3-8c58-0c6f76c6a9bb;2018-01-22;Interactive Feature
nyt://article/80834bec-60f8-58a7-9a4b-b454c35d03fd;2018-01-23;News
nyt://article/7fd9fc55-d469-59cb-99f0-aea085d7da91;2018-01-23;News
nyt://article/4786c063-eb78-5d3e-bcb0-ee65f26afd86;2018-01-23;News
nyt://article/485f40d2-6500-5d77-9077-1463999e69ce;2018-01-23;briefing
nyt://article/d87493e5-e9bc-5d3f-98ab-a06afe5b21f9;2018-01-23;briefing
nyt://article/7915a445-14c1-588b-892e-25773e76afe3;2018-01-23;briefing
nyt://article/367d0cdd-b5ca-5d09-a103-2f88761ba61a;2018-01-24;briefing
nyt://article/cfc69fae-ab9c-5608-bf1c-a7e7b6a6bc3d;2018-01-26;News
nyt://article/1cd7b3a4-694f-578f-b91b-6593d80bfa1f;2018-01-30;News
nyt://article/fc413e04-ce36-580b-9fdb-bc4e5c4d3d5b;2018-01-30;Op-Ed
nyt://article/09b8b880-6bf2-5ee4-ace8-382c85580249;2018-01-31;Review
nyt://article/3a362a64-8db4-5804-9cc6-40771c9026d9;2018-02-01;News
nyt://article/5bfd583f-ab05-5900-8718-90c59119fd71;2018-02-05;Review
nyt://video/08bb743e-6e13-5a5b-8ad6-1813ad4e1eff;2018-02-06;Video
nyt://article/985317f1-005d-514e-ba25-09e97d126186;2018-02-06;News
nyt://article/2b0c61bf-3b0e-5cfb-be51-686951e5cc77;2018-02-06;briefing
nyt://article/8023c9dc-d29e-521a-ad90-1da853eff814;2018-02-06;briefing
nyt://article/08093b17-6612-588b-b266-1f7badcc679c;2018-02-06;briefing
nyt://article/6d661254-5d3e-5d87-aecb-cce5a99c1c9b;2018-02-06;News
nyt://article/ee3a222a-aa55-561a-b637-facee88a8a4a;2018-02-07;News
nyt://article/f8efb78e-7cd6-5fd9-a3e3-2a8b9a266de4;2018-02-07;briefing
nyt://article/b6f674f9-3df0-5192-8543-4980d742a536;2018-02-07;briefing
nyt://article/76d8bd8e-d2e4-5a33-95c6-a111b1028c6f;2018-02-07;briefing
nyt://article/992a4c0b-da54-5c92-83ff-876fbc0cba3d;2018-02-07;briefing
nyt://article/5a993b85-cf4b-5a69-83f8-f574d195a640;2018-02-07;News
nyt://article/4dda9fdd-2bae-5181-a885-aa141e0dee75;2018-02-08;News
nyt://article/375e7445-8e84-561e-b7b4-bd8157d035bf;2018-02-08;briefing
nyt://article/437e9111-3941-556c-9f96-c885927c2c3c;2018-02-08;News
nyt://article/d799fa2f-e163-55f7-8876-d8d9b44b2451;2018-02-08;briefing
nyt://article/60096e95-727a-51da-8719-29a1d789392a;2018-02-08;News
nyt://article/9c5272a3-cfe9-58ca-967f-4ea3ddf9ecb4;2018-02-09;News
nyt://interactive/6350fb33-aaeb-533b-82f0-6eb6796f8259;2018-02-09;Interactive Feature
nyt://article/59a177c1-e7a2-5598-a0e7-4f33bae3bb00;2018-02-09;briefing
nyt://article/bf898e52-bcd1-5716-8457-3d4f931b5383;2018-02-09;News
nyt://article/c4647a7f-4c58-5bf8-811f-4a4746b2c2b9;2018-02-10;Op-Ed
nyt://article/e4b27d1a-b7b4-5e17-ac75-398394ebc6ab;2018-02-10;News
nyt://article/cf1215a4-4eb1-57c7-aecf-7566b7178931;2018-02-12;Op-Ed
nyt://article/3f537ecd-b720-578a-a536-3c956e3c3db5;2018-02-12;News
nyt://interactive/3e370956-9438-5870-b87f-df4c2802b423;2018-02-13;Interactive Feature
nyt://interactive/2413e39c-cb5f-5298-9fdd-89f41165464c;2018-02-13;Interactive Feature
nyt://article/7b8eef34-8c38-56dd-97fa-119d1abb31d6;2018-02-20;News
nyt://article/d48a5af3-87dd-5978-b022-44e34b5cbc57;2018-02-20;News
nyt://article/43ea152d-7dc9-5af3-becf-1edc90f3037d;2018-02-24;News
nyt://article/bab53c26-2950-5b58-8e5d-2abca50b86bf;2018-02-27;News
nyt://article/0672fc6d-26f0-5ed0-a8b8-9d22d46d1628;2018-03-01;News
nyt://article/870682f1-6fa3-5f81-b053-6d45c059f16a;2018-03-01;News
nyt://article/8898869c-1e32-583f-b35c-ecfbeca05ad1;2018-03-06;News
nyt://article/7e3d1da4-a04b-50ff-9d00-defcbceb90a8;2018-03-06;News
nyt://article/1a5746f3-6e44-5c15-9130-8b93440793dc;2018-03-08;News
nyt://article/98a089ee-3548-5545-bf95-a9ef2d9c0998;2018-03-09;News
nyt://article/21d29779-0b17-5d60-9da1-639f3c29d9e9;2018-03-12;News
nyt://article/a95d645a-3a20-57f9-95b3-d94cf7e7a3ff;2018-03-13;News
nyt://article/bdf06d1f-ff39-52dc-8914-ce9d3a1d0da5;2018-03-13;Op-Ed
nyt://article/e7a7a519-f0af-5828-aaa7-5d96d1ee2f38;2018-03-14;News
nyt://article/1cb685ad-c030-50a9-94fa-bec248e51521;2018-03-14;News
nyt://article/d7066d7c-1ac8-5126-ba09-1cba5710d7cb;2018-03-16;News
nyt://article/fd18929f-e014-5e8a-a678-bd6b5abb8a9f;2018-03-21;News
nyt://article/dfe21b74-134d-5875-b21d-d0b68e6666d0;2018-03-22;News
nyt://article/1b248820-b37c-5928-b9f3-db14d0312c54;2018-03-22;News
nyt://article/ea789b11-374a-5f70-a129-11151d5a0316;2018-03-22;News
nyt://article/fc87cf77-1a66-5a70-bd1f-a7e20169369c;2018-03-23;News
nyt://article/170f62cd-97f6-5bb6-a5a2-d7a3da0ce030;2018-03-23;News
nyt://article/a323e00e-8e32-53a1-9a83-09ae05747384;2018-03-23;News
nyt://article/a5e9451a-f770-559d-8346-488d2c5b70ad;2018-03-25;briefing
nyt://article/c1ca1671-98a7-5a16-ad98-37b99497bd9f;2018-03-26;News
nyt://article/c22d2f50-d7a6-5eca-b960-f1c5fafc78a6;2018-03-26;News
nyt://article/bf9c1ac2-4396-513b-b789-0b7c7c8290f3;2018-03-26;News
nyt://article/d19780af-d870-58db-852e-8a55a03a3dde;2018-03-26;News
nyt://article/7e77f90c-5598-5623-a435-8ec71810eb52;2018-03-29;News
nyt://article/05b9918b-ecb1-5e00-ab41-16ffaac8f0cb;2018-03-31;News
nyt://article/cac457df-e35c-5e2f-acc0-f9b67f0da224;2018-04-01;News
nyt://article/402a9bca-5598-5d25-ac3c-19eee05c4d8f;2018-04-01;News
nyt://article/f3e4eb15-4e20-5f29-884e-d73094f0ec31;2018-04-01;briefing
nyt://article/7868a35a-cfe0-594a-b5fa-796826cd314a;2018-04-02;News
nyt://article/c36f3723-4f3f-58c1-a781-0527acecc413;2018-04-02;News
nyt://article/0d52f392-9357-5411-af62-2e0586229846;2018-04-02;briefing
nyt://article/a9d38d06-36c8-5cd3-8090-e45def34fcf7;2018-04-02;briefing
nyt://article/94f2bec3-64de-5a79-ad4d-1891df9d9cd8;2018-04-03;News
nyt://article/1a2471b7-640b-5511-af7a-2aa7968b8f98;2018-04-04;Editorial
nyt://article/79d099fa-415f-5a52-ab11-549daf4e733c;2018-04-04;briefing
nyt://article/5cec0ace-2719-5b90-ac13-acdf6593ca15;2018-04-04;News
nyt://article/89e4e898-36a0-57f5-90c3-ff234ef2b366;2018-04-05;News
nyt://article/0e23d325-ab9b-55e5-a6c0-1fbb9639fa2f;2018-04-05;News
nyt://article/f26e6cc6-8d49-5e7f-8bf3-cb483ab7a90d;2018-04-08;News
nyt://article/77d810b7-779c-5861-8890-27f76644b7a9;2018-04-09;News
nyt://article/d18aa2dd-f6ce-55d8-a63a-d023e4830aea;2018-04-09;briefing
nyt://article/7f169423-e0ad-5747-9b8a-7481109417ec;2018-04-10;News
nyt://article/a8c53db9-178d-55c4-ab67-51b1cb209674;2018-04-11;News
nyt://article/cc03cd19-00b3-5dbd-939e-728e86ad53d4;2018-04-11;Newsletter
nyt://article/f8c66074-8300-58ad-adec-3a923519d6e1;2018-04-12;News
nyt://article/751e1213-6b0c-5c3f-a6c0-4015c4b0e69e;2018-04-12;News
nyt://article/6399571d-d7ac-551e-aa3f-1de13d5d254e;2018-04-16;News
nyt://article/8b80d7ec-e8fb-5c5f-9992-003866796f23;2018-04-16;News
nyt://article/2459f217-c888-59dd-84c9-e6cee924c46b;2018-04-16;News
nyt://article/5a6f70be-2058-5043-85cc-596d5b93e778;2018-04-17;News
nyt://article/cc244d62-c64e-5e08-8dff-f70855d6ec3a;2018-04-18;News
nyt://article/bbef586d-8b4f-5504-b6a3-08ce625c1378;2018-04-18;News
nyt://article/2c1ab506-70f4-59b5-a651-f8bd427063d9;2018-04-19;News
nyt://article/e7eb6c31-3767-5b7d-a02e-87d39d7b7944;2018-04-20;News
nyt://article/0251f1ea-c474-58c2-8838-b972bd513cef;2018-04-24;Review
nyt://article/1e05ee97-fcbc-5a46-8019-574032445e48;2018-04-25;News
nyt://article/62767576-ea38-51cc-bed6-44f794dabec7;2018-04-29;News
nyt://article/133a7a6b-9dac-53ad-856e-d913ac013bff;2018-05-02;News
nyt://article/496c2656-6bc3-587a-8e93-4fc29286bbf5;2018-05-02;News
nyt://article/6d140a0c-be2f-53e1-8687-f9145556595c;2018-05-03;News
nyt://article/a845b01b-b244-5ca5-93c1-dae622209fe3;2018-05-03;News
nyt://article/a11edb77-fd0d-5941-ba2b-3fd60971b5a1;2018-05-03;List
nyt://article/e79879c8-dc5e-57a9-9bd8-3048211de76a;2018-05-03;briefing
nyt://article/b3787d7f-45b2-547f-ab1d-d9ad15b0f748;2018-05-03;briefing
nyt://article/a023d8f1-a09d-5ea1-bc24-9a1232f090d7;2018-05-04;briefing
nyt://article/c3f89a5b-8ae5-5e15-93cf-5dc2e54860b5;2018-05-04;briefing
nyt://article/afc3584c-142b-5f4e-aded-f2caa0911570;2018-05-04;News
nyt://article/aca1acfa-c528-5998-b5a2-75105eb0f490;2018-05-07;News
nyt://article/06bfb2d1-bb2c-5a48-9ff5-bb74206e5ef4;2018-05-07;News
nyt://article/b940ebc9-862c-5b15-94b2-2878f856a619;2018-05-07;News
nyt://article/681231f6-53c4-5034-b9a9-c12511d599f6;2018-05-08;briefing
nyt://article/8438ec50-dfd4-5e9c-9f8d-b8704c6b9606;2018-05-08;News
nyt://article/d28ae150-6d2a-5054-8877-a33fbc95a795;2018-05-10;News
nyt://article/d9caf349-d1ec-5e06-8c7f-b961cc0f4615;2018-05-11;News
nyt://article/9adf47be-5a13-5cfd-9c8d-7b9aa3f16829;2018-05-11;News
nyt://article/b4ceb8e5-9987-5bff-8dec-c808d0439961;2018-05-12;News
nyt://article/2354d9e5-b385-5d84-b5f6-8d3b814c2a73;2018-05-14;News
nyt://article/2d4129c6-9dcc-5a25-9707-ab962c4f2b91;2018-05-15;News
nyt://article/0f241308-f97f-53ad-b183-f05bfe04cd93;2018-05-15;briefing
nyt://article/a38eac4e-07d7-54b4-a879-37cdab93515a;2018-05-17;News
nyt://article/0e6b0911-5bc2-54a0-be10-b2db1b5e57c3;2018-05-18;briefing
nyt://article/a3d6bba2-8500-5a54-873e-e330e32ece59;2018-05-21;News
nyt://article/41d44db4-d8fb-5c29-bf7c-7d3a2c290a8e;2018-05-22;News
nyt://interactive/851cc169-f389-5e20-b08d-94362d9c82a8;2018-05-22;Interactive Feature
nyt://article/f3088578-446a-5e3f-ac53-bfb64ed8591d;2018-05-22;News
nyt://article/e5c00527-824f-5136-af4e-916c1598b7f1;2018-05-23;News
nyt://article/c0331fa9-16a4-5eb0-ba83-cdadcf90f977;2018-05-24;News
nyt://article/e4c84e89-2ddf-56ae-8331-523f1fcb7654;2018-05-24;News
nyt://article/084d5e9b-12ab-5130-b884-f3d0564fdf5c;2018-05-24;News
nyt://article/4950d100-b171-5998-9c64-1e09e6fdaf95;2018-05-24;briefing
nyt://article/fc5a7b2c-a520-5143-a2d6-901158e37fda;2018-05-24;briefing
nyt://article/15ec583e-1199-54ec-bda7-6bea5817457e;2018-05-25;News
nyt://article/5b75f9f3-94b1-55f4-a5d9-61f87f0e5b44;2018-05-25;Review
nyt://article/21903d30-bdcb-5b1f-8ec1-983b9a4d2ab8;2018-05-25;Review
nyt://article/04b96988-2ad5-5e74-bdae-68cd39eb0a79;2018-05-25;briefing
nyt://article/f1d0d97c-868b-5601-b322-fdaa1dbaac7e;2018-05-26;Op-Ed
nyt://article/4f3bbbc2-423d-5721-9241-1271d065560b;2018-05-30;News
nyt://article/9b749ce8-1726-5b74-82fc-585bb8c7ec9c;2018-05-31;Letter
nyt://article/f6514828-9a4b-5865-96cb-c1d3c31e36c6;2018-06-01;Letter
nyt://article/2ebd9166-fbeb-515b-b8e0-cbb811e04ca8;2018-06-03;News
nyt://article/2e5350b0-8a18-5cfb-a491-c9bffa029cd5;2018-06-04;News
nyt://article/d9eb8a4a-c057-58b3-a1fc-1143f432589d;2018-06-05;News
nyt://article/e8024f37-14fb-5d85-9f5c-95a741e7d028;2018-06-05;News
nyt://article/1bcaaf57-c370-5284-8230-cf0746def7f7;2018-06-06;News
nyt://article/0fddee0d-69a2-57de-b27b-5bd2247a2b8f;2018-06-06;briefing
nyt://article/2377d850-088a-591c-8c8b-e088c16d4bc4;2018-06-06;News
nyt://article/c18c3f5d-bed7-5793-9dfd-02acff01053c;2018-06-07;News
nyt://article/72dab238-0279-5078-b20a-7c55c2338a37;2018-06-09;News
nyt://article/f575dcca-f227-5ff2-bcc8-0308846399f9;2018-06-09;News
nyt://article/492e496b-4aed-59d8-b086-dc7ab45d719d;2018-06-10;briefing
nyt://article/328831a2-a9cc-57e3-b7d7-ac83c23e7a71;2018-06-11;briefing
nyt://article/6a313246-71b0-511d-89cf-5e6dc2b1e45a;2018-06-11;briefing
nyt://article/1708abaa-66d4-5662-ac2b-783194e1a9fb;2018-06-12;News
nyt://article/52ea0c14-1de9-5f82-8a53-1ea519167a12;2018-06-13;News
nyt://article/41c82b3d-5ff0-57e9-9476-6548accd4bea;2018-06-13;News
nyt://article/e8342210-f4e4-5cda-8873-2359651a3af8;2018-06-14;News
nyt://article/cfc9bd2a-ee95-5ebf-a265-e9877fcdb5c3;2018-06-14;News
nyt://article/0f0b6050-68e5-59e1-b023-2bf6459c6a29;2018-06-18;News
nyt://article/26fbd1ab-6d05-5cfe-9205-89547d34b3df;2018-06-19;News
nyt://article/1d8be764-2a00-50ea-9b70-c1d902637ab1;2018-06-19;News
nyt://article/173a128e-1698-5da6-b3e8-37eaca6a29e2;2018-06-19;briefing
nyt://article/ba6dd96c-a8bd-5427-885c-1c9bd59afd29;2018-06-19;News
nyt://article/d6071ce4-01eb-5084-941e-400da3394aab;2018-06-20;News
nyt://article/7ed42a1e-de91-5bce-ba35-222e13cc79c3;2018-06-20;News
nyt://article/36be3fdd-8dab-5f1f-97c0-ea0ee7756d4d;2018-06-20;briefing
nyt://article/9054481d-a473-5257-927e-6a6dc9e84ab4;2018-06-20;briefing
nyt://article/5e0a6c68-0dca-5499-8e92-9d145841b2bd;2018-06-20;News
nyt://article/12095dc6-a611-5951-a29c-e5054955b78e;2018-06-21;News
nyt://article/07522755-6f3b-5206-a11b-df46f6c7518d;2018-06-21;briefing
nyt://article/21c31e5a-d940-53c1-93ce-54fc4f31e082;2018-06-22;briefing
nyt://article/e76c4a14-ea36-5220-a4a2-2c7fa09ca0d8;2018-06-27;News
nyt://article/f6ae3d15-8eff-57de-a1ba-ac72d6e949f0;2018-06-28;News
nyt://article/9ff3f6e1-efed-5795-9ab6-0e1d1911c9ca;2018-06-28;News
nyt://article/a691bb91-e841-55df-a76d-225e09dc0259;2018-06-29;News
nyt://article/b69bbc02-d9f5-5a62-80e5-a2ff2251d780;2018-06-30;News
nyt://article/4373d80c-d0c9-59f5-a450-f22ac7d48a6b;2018-07-02;News
nyt://article/19e14686-8a7f-5343-b5d3-4c13f8c4a79d;2018-07-02;News
nyt://article/59086bad-fc64-50b1-a919-b7595897f789;2018-07-02;briefing
nyt://article/b966e35b-7e2d-5e1e-b12c-f54a8271e04c;2018-07-03;News
nyt://article/fab2c592-5c7b-51f2-bb6f-7b3d3179da6d;2018-07-03;News
nyt://article/2e890693-83a2-59e2-9e2a-c7fa1f3d91d1;2018-07-03;briefing
nyt://article/9b995caf-fe36-5b37-bd06-e436d8258295;2018-07-06;News
nyt://article/b96f3aef-aa12-541b-a5f4-1bf65b3c2089;2018-07-07;News
nyt://article/519adb01-84fa-5b65-a10b-2d337def967a;2018-07-07;Op-Ed
nyt://article/37593ae1-e43e-5520-9e26-dbf3a42682d0;2018-07-08;News
nyt://article/b05b55e7-dcc7-5bd1-a9f7-d824b71372c8;2018-07-10;News
nyt://article/37ecdcd7-974c-52a9-aae9-30dc349da19d;2018-07-10;News
nyt://article/25f690a1-6101-53b3-8cf7-724287f6b7ee;2018-07-11;Op-Ed
nyt://article/de774132-5409-548a-a643-a924c3c5989b;2018-07-12;News
nyt://article/9fceb52b-e5f9-57ab-a866-093e3dbc8beb;2018-07-12;News
nyt://article/9fc4cdae-66d0-5469-b214-273c7c1331bd;2018-07-13;News
nyt://interactive/353f360c-6f47-5beb-815c-4629543e710c;2018-07-13;Interactive Feature
nyt://article/f28e285a-1589-5228-8b94-68699c5da906;2018-07-14;Op-Ed
nyt://article/9dcbdcef-7825-5ec6-ac35-31cd69dad526;2018-07-16;Op-Ed
nyt://article/6b8a5018-8801-5d0b-8bce-5e038e55a8ef;2018-07-16;briefing
nyt://article/8f7c5e23-a6b9-5f2c-a820-8960cc8a0290;2018-07-17;briefing
nyt://article/ba8c6af6-47a1-5cca-9218-7006720e3b5e;2018-07-18;News
nyt://article/2d9c8960-4b76-5e8d-8290-e2dcc8c6c329;2018-07-19;briefing
nyt://article/eb57971a-4d26-5a2f-b744-b1e1b2467be8;2018-07-19;briefing
nyt://article/b97f82d0-503c-5463-bfab-74a3b15cb9b5;2018-07-20;News
nyt://article/753ee596-2f6e-5d8a-b74d-d90ef9c5670e;2018-07-23;News
nyt://article/e94bceec-cf52-53fe-b890-da4678fb8cb7;2018-07-25;briefing
nyt://article/d8d3b9af-ac93-5dd6-a558-6e511214333e;2018-07-27;News
nyt://article/cd54542a-6dd3-56e0-8fe0-e4e25549595c;2018-07-29;News
nyt://interactive/486d4177-e43d-5e66-9058-6099a8df0237;2018-07-30;Interactive Feature
nyt://article/2ec528d8-c274-5652-bdeb-3f1a7d7e5a73;2018-07-30;News
nyt://interactive/ed2ee5e7-abdb-5fee-a8fa-a6448d234d00;2018-07-31;Interactive Feature
nyt://article/a5441e09-f3b4-52c9-9bda-75cc475cffb0;2018-08-01;News
nyt://article/eeeecb4e-7d58-5c52-b556-c41ba301c386;2018-08-01;Editorial
nyt://article/936590b7-959e-5d58-a075-4fd3b80cb61e;2018-08-01;briefing
nyt://article/5864309c-a77a-561c-8e51-9ad912dda5ca;2018-08-02;News
nyt://article/b66675d0-25a1-52ff-a684-cb0377ab5378;2018-08-02;News
nyt://article/c31e44b5-06e5-52b3-acfc-751a2ad8b263;2018-08-02;Op-Ed
nyt://article/8ea6a958-8f71-5db7-96a9-faaec1a5c5fa;2018-08-03;News
nyt://article/e5b01f81-bb80-5281-b222-6059e2d6c0f2;2018-08-07;News
nyt://article/edd32a56-4c1c-5093-a519-09a9c37a4432;2018-08-07;briefing
nyt://article/6acbc3b3-4aad-562b-a49b-9a5857ae7704;2018-08-07;briefing
nyt://article/05431ea0-909c-561f-a8dd-2702685df27a;2018-08-08;News
nyt://article/8d89c352-4f20-54e2-9a18-20ad967615af;2018-08-08;News
nyt://article/39f24875-b8c1-512b-9443-297d11a59cf9;2018-08-08;News
nyt://article/89f6201f-2931-5a30-b952-49460b5877fd;2018-08-08;News
nyt://article/5c33645f-7b9e-5dfe-811e-1afe9bd237e0;2018-08-08;briefing
nyt://article/eb209305-8787-567c-842c-212241d67c4c;2018-08-08;briefing
nyt://article/c7e0ae2a-7d0a-51ed-8afb-c7962f146269;2018-08-08;briefing
nyt://article/95bd04d5-bb57-5f10-9b5c-041c026b412c;2018-08-08;briefing
nyt://article/16bf1d51-4664-5376-b5d3-25aada92e0b3;2018-08-09;News
nyt://article/8d0aef62-3f90-5cc0-9102-7038f505a581;2018-08-09;News
nyt://article/f32efd86-5342-5642-98e4-213f7d51b0cb;2018-08-09;briefing
nyt://article/eb0ff1c3-63cf-5ae6-8b0b-98e81dbd73da;2018-08-09;briefing
nyt://article/6ae01423-96c3-5fcc-a9e5-80052a07bbed;2018-08-10;News
nyt://article/7a193fbf-524e-5efb-9703-d7c81ccb33f3;2018-08-10;News
nyt://article/886ea547-38ae-5e24-a22e-62807cf5aac8;2018-08-11;Op-Ed
nyt://article/fbcede7c-f3b6-5620-b169-44b3e3104d87;2018-08-13;News
nyt://article/d1f8bd41-c984-557a-8a48-450347dfd323;2018-08-13;News
nyt://article/76af4ff6-8c8a-5fe9-9ef2-44e9a2fcaf4e;2018-08-13;briefing
nyt://article/710d0147-54db-545b-b57a-f355def7df92;2018-08-13;briefing
nyt://article/0abeead3-7fa7-5fa5-8a89-9cb5afead039;2018-08-13;News
nyt://article/4c79efa8-3105-51f4-910e-6e43e4167af9;2018-08-14;News
nyt://article/59318b98-e4c9-5fe6-ae28-34cb3802730f;2018-08-14;News
nyt://article/e24c51dd-aa8e-5f38-9e41-0eea86274699;2018-08-14;briefing
nyt://article/b31425ed-f562-54e2-8bed-4d4a0a07f38b;2018-08-14;briefing
nyt://article/4aaa3e59-1f4c-501c-bf99-933e8287e82c;2018-08-14;briefing
nyt://article/84905eae-11b6-5301-9e16-0c1caa17c730;2018-08-14;briefing
nyt://article/d5cb774d-7b98-5269-806f-7dc0c0e423c2;2018-08-14;briefing
nyt://article/8db7316e-5c1b-5fd8-b6d2-76cce95ef3d9;2018-08-15;News
nyt://article/c03cb2b2-9ca2-59dc-96a7-54af838de4b9;2018-08-15;News
nyt://article/f7be5eda-ea24-5f84-b749-43d58cfba543;2018-08-15;News
nyt://article/7f46393e-1afc-5c10-acd3-f23563cbfa05;2018-08-15;News
nyt://article/2adbafc5-ca0e-5cb8-94e8-dfb768acaa1c;2018-08-15;News
nyt://article/d5f24ab5-c42b-5a55-8feb-84e392634361;2018-08-15;briefing
nyt://article/40c1da29-0af9-5237-a09e-440dbf094bb4;2018-08-15;briefing
nyt://article/8a8925b5-2240-5168-aea5-1abe0b2a83d5;2018-08-15;briefing
nyt://article/9b87dd86-1a68-5f5b-a0f1-92e8ee71607b;2018-08-16;Op-Ed
nyt://article/d9abf14f-0553-5059-8209-9f4cc0aaffd3;2018-08-16;briefing
nyt://article/78741130-2ccd-5264-bdb9-1be7ccb22b23;2018-08-16;Review
nyt://article/b3cfaa26-ddd6-5fde-8afe-4a4e0a8f599f;2018-08-16;briefing
nyt://article/6252a265-357f-58c8-9185-c98ec391b1b7;2018-08-16;News
nyt://article/b8df5f7a-66ce-5855-a6b2-3b07c88f6a89;2018-08-16;briefing
nyt://article/052067e2-ba09-55a4-9c88-aaf37b1220a6;2018-08-17;News
nyt://article/535786aa-3607-5209-b090-1640580ef152;2018-08-17;News
nyt://article/94712181-68f0-57c3-a7b7-db03dc8fe7dc;2018-08-17;News
nyt://article/e6040ed7-56e2-5499-8a90-66df0ab43e36;2018-08-17;briefing
nyt://article/cf3783ac-b73f-53ea-9de5-50a759d663c9;2018-08-17;briefing
nyt://article/f262e69d-65f7-58f8-bdb4-e38225e606d8;2018-08-17;News
nyt://article/f6912ce6-6ddc-5e44-b429-46ea20c92dd7;2018-08-17;Letter
nyt://article/ba5c967e-017d-5949-9a2f-9c72a1c437f7;2018-08-17;News
nyt://article/e1099300-3008-596f-80f2-28c6081efa8d;2018-08-17;briefing
nyt://article/c06c91dc-0519-5b0a-8a4b-ba644ed650d3;2018-08-17;News
nyt://video/6391d4c9-b164-5d31-8035-8237817c2722;2018-08-18;Video
nyt://article/123c76ef-7d7e-5daf-af28-5a19e40b3217;2018-08-18;News
nyt://article/72da0dd7-6200-5178-ad7f-df85eb27f5b9;2018-08-18;News
nyt://article/d7798b88-1c9e-56b8-b89a-5fc8e9236540;2018-08-18;News
nyt://article/ddf58f70-97dd-509e-9642-17d3b32496f2;2018-08-19;News
nyt://article/cbdb5cb0-e16a-5674-95d4-636bfc0d0678;2018-08-19;briefing
nyt://article/fb66a847-34fe-5fb8-af0b-03f830bc5eed;2018-08-19;briefing
nyt://article/9cced849-cace-50da-ac4d-b6180d7eb315;2018-08-20;News
nyt://article/58b32d6f-53bf-5d17-87b0-2b8b93f02e6d;2018-08-20;briefing
nyt://article/9aebee75-dda8-552c-a637-eb6170c29f29;2018-08-20;News
nyt://article/3dfd2e72-a3a2-519d-b46f-3bdcc2d135d0;2018-08-20;briefing
nyt://article/387b3aff-3386-5513-a9e4-8111a3d48084;2018-08-20;briefing
nyt://article/0fbe68b5-f627-5e1a-9e64-081fbce6caa6;2018-08-21;News
nyt://article/895dafd7-2180-52a3-83e6-9e9444418700;2018-08-21;News
nyt://article/7e6a4222-39e4-5394-bfe1-64796ed1c42a;2018-08-22;briefing
nyt://article/5b4f8232-f0dd-5988-bae2-844b7124ddbe;2018-08-22;briefing
nyt://article/d922d89e-4101-589c-9661-f7f72b14d62c;2018-08-22;News
nyt://article/8e0e3afd-511d-538e-a8da-4ab0d4ea5bbd;2018-08-23;News
nyt://article/9585e63e-2347-5b10-83f3-263d32ae7fcc;2018-08-23;News
nyt://article/3588bdb2-4473-517f-bd48-31daf5e8da92;2018-08-23;Op-Ed
nyt://article/ba637df3-e837-57a2-9f71-45102b89f579;2018-08-24;News
nyt://article/f3698e44-3a71-53ef-a1ab-9175f3710c74;2018-08-24;News
nyt://article/9ff358a2-d5ba-5aa3-991d-abf464a9fa2d;2018-08-24;News
nyt://article/25d32152-65f5-5035-8aae-50d4227dbb00;2018-08-24;News
nyt://article/83722eab-2bf6-552d-af86-79b9ec250c43;2018-08-24;briefing
nyt://article/a033f7bb-a234-5a2c-9f51-5464e85b2665;2018-08-25;News
nyt://article/88bf4238-a8fb-5e8e-ae1c-37acf8004c91;2018-08-25;News
nyt://article/6a53585f-58da-54bf-9d38-59828f1cf89e;2018-08-26;briefing
nyt://article/80f2b940-105c-563c-bb3d-5226a064275b;2018-08-27;News
nyt://article/3a018c7d-6303-57b1-b461-6c44f2f9561e;2018-08-27;briefing
nyt://article/7fd57f4d-3fa5-5f6d-b93b-6531cab497ee;2018-08-27;briefing
nyt://article/7ab2aa8a-2251-59fd-8815-cbfd8b1f7983;2018-08-27;briefing
nyt://article/5c71fd1c-5a2c-5cd4-a6a8-ac84d9643b34;2018-08-27;News
nyt://article/f344c0f8-8014-5a12-bb41-8fd6a6444666;2018-08-28;News
nyt://article/394a56b8-cfcc-5601-893c-007f024ce721;2018-08-28;News
nyt://article/5b308136-77ce-5213-95ee-1bde8a3d8d30;2018-08-28;briefing
nyt://article/e748be48-e24f-5b3e-8c71-f0417b761d54;2018-08-28;briefing
nyt://article/67abd5b9-f76c-5e5f-aa1f-66f0a5005369;2018-08-28;briefing
nyt://article/70567c63-d95f-5b95-94e2-dfe96dc333f4;2018-08-29;briefing
nyt://article/2ebd0415-d772-59a1-a24c-c8c3a4b771d9;2018-08-29;briefing
nyt://article/9c6322cc-d6b6-5af4-841a-d330d00ab7ff;2018-08-29;briefing
nyt://article/4d7cf118-260b-5dea-b3c2-f3e512f1000c;2018-08-30;News
nyt://article/ee333370-d804-5b36-9c28-49de255fb228;2018-08-31;News
nyt://article/32985eae-a983-5f4c-a983-6b00d1e2a073;2018-09-03;News
nyt://article/e2444d2c-493b-5914-a2f1-375278cbcb9a;2018-09-07;News
nyt://article/b1e24405-403e-5e96-b805-f67fd13c094e;2018-09-07;News
nyt://article/c59ccefc-67d1-588a-ab5d-c145d46653df;2018-09-07;briefing
nyt://article/e08cdb30-7093-59cb-bbe1-6f0371eeaf2e;2018-09-07;Op-Ed
nyt://article/29b44054-d85c-51cd-850f-2eb6226b572c;2018-09-09;News
nyt://article/d0071767-8e9e-587a-ab19-54ee84ed25ed;2018-09-09;briefing
nyt://article/7262c4b0-a191-5bbe-9fd1-990a4fcc5650;2018-09-10;briefing
nyt://article/1a353148-c7ba-5ee2-a72d-e2c23ae191fb;2018-09-11;News
nyt://article/b86ad8bf-bc4f-53cd-89aa-7db99a53bd91;2018-09-11;News
nyt://article/25750c69-ef0a-5209-b5a7-2622f0797e3f;2018-09-12;News
nyt://article/980144a6-200f-5b0d-a5b0-b73c99bd7ab6;2018-09-12;News
nyt://article/5c70b07d-664c-570a-b9d6-d2a45c3fafa9;2018-09-12;News
nyt://article/8aaf6b5d-303e-5e72-8df8-b1cbad88fb60;2018-09-14;News
nyt://article/b454dfbd-8206-5526-9ab9-6eb1e928b62a;2018-09-15;News
nyt://article/b6b967c8-c060-5b75-82a6-606c2fe56242;2018-09-16;News
nyt://article/d9889d35-e927-5e1f-96be-68eac7184518;2018-09-17;News
nyt://article/641c4237-1ca2-564d-9836-0f5b30759565;2018-09-17;briefing
nyt://article/87219830-445d-5589-8ee9-e88b95d1c8c5;2018-09-17;News
nyt://article/4e8eab3a-cd00-512c-88c2-9bb016f10531;2018-09-17;News
nyt://article/cd429136-2102-5e58-af41-a41d69df3978;2018-09-17;News
nyt://article/5a222e74-c254-5e02-bbf6-595d71ea6d37;2018-09-17;briefing
nyt://article/c0424176-d13c-5bbe-b6d7-b03fa8776b54;2018-09-18;briefing
nyt://article/fd2948ff-9b77-508a-a655-e27faea7c654;2018-09-18;News
nyt://article/757a8ba1-f8fa-52d6-8827-b7fa1a69c319;2018-09-18;News
nyt://article/e93de826-38b4-53e0-8a7a-0de13a386d80;2018-09-18;News
nyt://article/d509810d-9d73-5bc0-892a-116d84a44c8d;2018-09-18;News
nyt://article/fdea40cd-aa0b-5610-862a-3bf44d8aa2ef;2018-09-18;briefing
nyt://article/7e8a1034-9baf-5631-a242-c9d5e157cd42;2018-09-18;briefing
nyt://article/685aef7d-e200-596c-9464-cea33a701836;2018-09-18;briefing
nyt://article/1747220a-5509-5efa-8875-27269e7ba4fc;2018-09-18;briefing
nyt://article/c09f1c8c-666f-5665-b478-b540eef25682;2018-09-19;briefing
nyt://article/fc2b5d9e-26ed-5977-9a6e-67caf9b518fd;2018-09-19;briefing
nyt://article/80e7d73e-aa6a-5445-bd76-017913ca1518;2018-09-19;News
nyt://article/a484e548-edea-57d9-9f72-f7f32ac3ce6d;2018-09-20;Op-Ed
nyt://article/95c6f38e-a798-55c9-a49d-9d66e921ccb6;2018-09-20;Schedule
nyt://article/7ca425bd-30d7-539d-b7e4-e0f9307c9500;2018-09-20;News
nyt://article/6a3f12f4-3f48-5c12-bb1a-3c484326ee51;2018-09-20;News
nyt://interactive/a615c4d4-d59c-5674-9e1a-ad14eb9ca590;2018-09-21;Interactive Feature
nyt://article/275febc7-0482-5a31-9d82-19c94388cf0e;2018-09-21;briefing
nyt://article/bc9db443-414a-54d9-a5f6-102e6c814f10;2018-09-21;News
nyt://article/f1437800-a2cd-5831-a1ec-04f5690ee9ad;2018-09-24;News
nyt://article/a8832b4e-5fa8-51cc-9c78-62e4b7442672;2018-09-26;News
nyt://article/568152b1-fd47-53f7-b669-4e1ca123d830;2018-09-27;News
nyt://article/3347ab32-3760-50e9-8f90-cc5ff6c7fed6;2018-09-27;briefing
nyt://article/65b25ec6-76cb-51d9-bac0-948ae45fabba;2018-09-27;briefing
nyt://article/a9c31870-c064-5120-8587-c167401c95d9;2018-09-28;News
nyt://article/8dad0f61-f8e1-5c4c-beef-7b2ee95536fa;2018-09-28;News
nyt://article/b155c501-54fe-5457-9a49-1ffd96cddc92;2018-09-28;News
nyt://article/267ef568-db6f-5c5d-bb87-7bbd1e8ce336;2018-09-28;briefing
nyt://article/50246b39-7094-5d6c-8496-582af1569069;2018-09-28;briefing
nyt://article/0c2029d1-5fd7-5966-9638-be774afb72cc;2018-09-28;News
nyt://article/9818cc5b-c492-56e9-89a6-36a22b7d11d8;2018-09-28;briefing
nyt://article/01c19159-9997-5150-a495-343f03ddb27a;2018-09-28;News
nyt://article/f89a3228-a4c8-55cf-8d09-c7800fcbafed;2018-09-28;News
nyt://article/acf62b27-42c4-5fcb-8c91-23a0390b3fa5;2018-09-28;briefing
nyt://article/844f1853-1cc2-5cb9-9e30-497d7fd7f112;2018-09-29;News
nyt://article/7e232447-e4de-5e1c-b29c-085cbca546f2;2018-09-29;News
nyt://article/ca73a19d-5218-56be-a391-7cb91d716fd5;2018-09-29;Correction
nyt://article/cc60f8b7-c156-534c-935b-66f165bc5641;2018-09-30;briefing
nyt://article/2de04942-3f4c-54d7-bfc2-2e511c28eedb;2018-09-30;briefing
nyt://article/e368a4c6-a7e0-5f6e-bbd1-0b605337522c;2018-10-01;News
nyt://article/47ca6155-74a8-5f41-b8de-87e2e99d757f;2018-10-01;Op-Ed
nyt://article/f4a85daa-7959-5bf4-8a80-f84934a26d88;2018-10-01;News
nyt://article/5113a9dd-f9be-521e-a7ff-a09ecacb358d;2018-10-01;News
nyt://article/7ef1c622-b520-547a-b124-57ed64a4edcb;2018-10-01;News
nyt://article/b0fba987-604f-5267-9918-af980bbb459e;2018-10-01;briefing
nyt://article/8daf8675-f103-5a2a-88ce-bf2edf459f13;2018-10-01;briefing
nyt://article/63823139-0679-543c-926a-a22b771a7dea;2018-10-01;briefing
nyt://article/db9c0497-caac-579c-a9b5-8e866dc3e54c;2018-10-02;News
nyt://article/99b74e96-79e5-5021-bf3b-1acfcba9269a;2018-10-02;News
nyt://article/645ac1ed-f1b2-5ff7-8ff7-da96e5236a37;2018-10-02;News
nyt://interactive/0a387d66-a175-5adf-b3bd-31ccb2526c7e;2018-10-02;Interactive Feature
nyt://interactive/311e543d-b177-5342-9d2a-16948ff14930;2018-10-02;Interactive Feature
nyt://article/ea9366cc-bb9e-5437-9514-3362f2f81a24;2018-10-02;News
nyt://article/dd39e892-922d-5f1d-9577-2749959d0109;2018-10-02;briefing
nyt://article/92e9e5f7-d7c6-5ec0-894b-66cffa817a40;2018-10-02;briefing
nyt://article/a3b89960-2253-598f-8013-5502d8a517ed;2018-10-02;briefing
nyt://article/c46aeb24-2943-54d9-a0bd-c307ab4461e9;2018-10-03;News
nyt://article/2adada5a-9614-5725-b34b-21bb8fb7800c;2018-10-03;briefing
nyt://article/853cecd8-776f-5cb5-9f9a-411e8ef3fe61;2018-10-03;briefing
nyt://article/253f0ace-dfe6-5a7f-b4ea-858838e2b148;2018-10-04;News
nyt://article/c4b19142-9006-5e1e-9edb-a7241c30c554;2018-10-04;briefing
nyt://article/50ad972d-3878-5b44-a3ed-3211a30b48ef;2018-10-05;News
nyt://article/22af1cdc-018a-534d-9c6f-3b973734554d;2018-10-05;News
nyt://article/920b86a9-4eab-5262-8e9d-81b79d3dc083;2018-10-05;briefing
nyt://article/e3f83fa6-d119-5267-a547-b20027c799bc;2018-10-05;briefing
nyt://article/b7f1787c-d2d3-58bd-99e6-d1e476cfdaa7;2018-10-08;News
nyt://article/23dfe8a9-a949-526b-8cb2-0ea1b36ba86b;2018-10-08;News
nyt://article/9db5187a-b112-5351-82db-a1afd5102168;2018-10-09;News
nyt://article/e8ad8c9d-b932-5fcf-abdd-2b40cccc63fd;2018-10-11;News
nyt://article/374d8961-626e-58ff-aa66-22d55b3b095e;2018-10-12;News
nyt://article/e51832b0-7489-5490-bfa9-574e4ba96d68;2018-10-12;News
nyt://article/28a5227f-4780-5de0-bf75-9c9e8be5d939;2018-10-12;News
nyt://article/75ed98a1-374d-5151-b502-0d2bc2e15d1e;2018-10-15;briefing
nyt://article/8e8abd11-e38e-5985-9e3b-9640abf4fe61;2018-10-15;News
nyt://article/f44b1ecb-203d-51f6-865f-f3986c337f81;2018-10-17;News
nyt://article/e7ad6a86-c398-569c-8a20-e0f7c695bdb3;2018-10-19;News
nyt://article/9613cf8c-261c-5452-851a-024db19e7058;2018-10-21;Op-Ed
nyt://article/51fbe78c-b39b-57f1-b113-8812d77e5b8e;2018-10-23;briefing
nyt://article/a47bc39e-2de6-57ac-820d-5b926ced6498;2018-10-24;News
nyt://article/bd472655-ae38-5014-872d-04507ca538a2;2018-10-24;Review
nyt://article/d59f7df2-3916-5db7-b8cd-32c405d97789;2018-10-25;News
nyt://article/1fe4c592-b45a-5a11-baa2-a8a3abedc590;2018-10-28;News
nyt://article/573633e1-d5ee-5893-94ff-fb12a58ef45d;2018-10-29;News
nyt://article/bd21d4a1-8bd8-57bb-acee-65faacc8dcd8;2018-10-30;News
nyt://article/f9b4337f-457a-5014-83ad-82c439af74ce;2018-10-31;News
nyt://article/cbe3fe91-0b68-5b43-a476-65ea0aa49e0e;2018-10-31;News
nyt://article/78700098-3a5d-5012-85ca-858ee7815cd1;2018-11-01;News
nyt://article/eb87e4f8-9dc5-5d7a-b45f-0a421b70a3d5;2018-11-01;News
nyt://article/b90297c2-2521-5614-90e4-634bd2020fae;2018-11-02;Review
nyt://article/a7f80030-5a24-5031-ba32-e5a9a8420317;2018-11-03;News
nyt://article/471e15a9-49f0-54bf-8342-28521030865f;2018-11-07;News
nyt://article/2514fe91-2620-5943-a7ed-3f3cf0b8d6da;2018-11-08;News
nyt://article/03f97585-e7e0-514a-afb6-36cc9b5f8423;2018-11-08;News
nyt://article/263c568e-8f62-5213-a4c6-ff71fa778922;2018-11-08;briefing
nyt://article/8efdee21-3476-5e71-b11e-d3ccaa006e3d;2018-11-08;briefing
nyt://article/5131c96f-479d-5673-9932-b75518b16383;2018-11-08;briefing
nyt://article/9d9ede9c-5bd3-518b-a372-fdc4fb1dffab;2018-11-08;briefing
nyt://article/3f046c4c-84c0-517c-8d75-5c46018044be;2018-11-09;briefing
nyt://article/3a51c4f3-2e20-5a9a-8eb2-569b4d6623ee;2018-11-09;briefing
nyt://article/c6599d12-f730-5485-9559-100dfe2db6df;2018-11-09;News
nyt://article/d482e018-7b26-54c1-b25c-e739607f5901;2018-11-11;briefing
nyt://article/7dd1cc32-6129-5672-8964-0e6a45402c8b;2018-11-11;News
nyt://article/7f273610-8779-5949-8fd9-73f0065d8c33;2018-11-12;Schedule
nyt://article/e29f7558-2d8e-5533-9553-5a1f0fb7cfc3;2018-11-14;News
nyt://article/c91504d2-4f0a-570a-9726-6cdb9a995b80;2018-11-14;briefing
nyt://article/1345ae89-4406-5a52-8341-8013d56aeb41;2018-11-15;News
nyt://article/9a0c5aa9-d9fa-5972-b108-e576d5524be7;2018-11-15;News
nyt://article/6ab0fabf-b49a-5be2-8c79-2d76e92e0748;2018-11-15;News
nyt://article/9ef59b82-5595-52da-96d3-4b3546f4e9b8;2018-11-16;briefing
nyt://article/dbe45b6d-355b-5b42-b4e0-2419ec0473a6;2018-11-16;News
nyt://article/2c5b342d-5077-53d4-90cd-15a893b8dd4c;2018-11-18;News
nyt://article/4a043580-7caa-5479-af57-849c3612334a;2018-11-26;News
nyt://article/19279fd1-4a7a-562f-83e8-1b9d5a93cfaf;2018-11-28;Editorial
nyt://article/89ef6473-b365-5136-b742-975a71e75552;2018-11-28;briefing
nyt://article/6b593b51-446c-50fc-8a44-5fe90b417e58;2018-11-29;News
nyt://article/1c5ffae2-2250-5ff7-9d22-c2f3d048ad6c;2018-11-29;News
nyt://article/24100480-d1fd-5b3a-b51c-15bd7684120c;2018-11-29;News
nyt://article/38564f59-913d-52e4-b81f-fecfd27de79d;2018-11-30;News
nyt://article/c6e9e01f-73c2-597a-b4d6-75cf25d68815;2018-11-30;News
nyt://article/e222034b-0c43-52fa-9c30-b50902f04a58;2018-12-02;News
nyt://article/cb9442b3-66a9-57b0-a300-394e37cb459b;2018-12-06;Op-Ed
nyt://article/ce5bb26c-8945-52e9-8d68-4691c5bff773;2018-12-07;News
nyt://article/1eb07b3b-7b1f-59c5-8be5-ca83a80d9819;2018-12-07;News
nyt://article/540372c0-4b05-5137-96f4-dcfbeaa6662b;2018-12-10;News
nyt://article/9b7f6744-506f-54d1-9a94-5e2e9184b127;2018-12-11;News
nyt://interactive/53c08fff-0c7a-5e95-9290-d9ef618dd9b0;2018-12-11;Interactive Feature
nyt://article/dd22ed22-13fc-5561-824b-d92a8fa8d309;2018-12-13;News
nyt://article/ab22e631-15f0-5527-9489-bdec559bd3a8;2018-12-13;News
nyt://article/2c28f7ab-2182-5b96-af0e-0e34d92b1a4e;2018-12-13;News
nyt://article/eb109a44-4879-5472-b955-79815fc3cf84;2018-12-14;News
nyt://article/c7abab70-163f-55fa-92f7-517e6a715d78;2018-12-15;Schedule
nyt://article/e9f5fddc-2244-56e6-9344-42ae442561df;2018-12-17;briefing
nyt://article/14aaf3e2-45a5-5c22-b00b-66e1747fe6cc;2018-12-18;News
nyt://article/3801a994-1c35-5727-876f-98a523264e6c;2018-12-19;News
nyt://article/70023738-bda9-5ed8-ad13-0b4c0f5b4a26;2018-12-19;briefing
nyt://article/973d18fb-8e8f-505f-8c21-05c3284933fa;2018-12-19;briefing
nyt://article/6ef8fffa-af87-5fac-8c4c-d4835e88a4c0;2018-12-19;briefing
nyt://interactive/7690f6e4-0afc-56fd-8269-5ac689e4f358;2018-12-19;Interactive Feature
nyt://article/cd75641d-f906-5034-b30d-0fa655e0cd07;2018-12-19;News
nyt://article/7c4fcda3-8554-55da-8ae2-1568f2fcdd6c;2018-12-20;News
nyt://article/d6034eeb-1be6-5d2d-8d50-31ae19d03595;2018-12-21;News
nyt://article/fc0c141d-1142-5183-b7c1-18db6b99701e;2018-12-21;briefing
nyt://article/cca9d446-ba61-5f56-9b40-c99e260a0181;2018-12-21;News
nyt://article/f79f4582-9a81-5c42-a996-6dfaa17d3d6e;2018-12-28;News
nyt://article/263724db-e63d-56d6-9b64-5d7642c59858;2018-12-28;News
nyt://article/95d1b688-c8b8-5a01-bf1d-f6b8da06155d;2018-12-29;News
nyt://article/f92027f2-f7ce-5b85-8ed9-7438de7dc3f8;2018-12-30;News
nyt://article/6ace684b-b2d7-5565-a16c-e3b9e4bba403;2018-12-30;News
nyt://article/1244fa95-c37e-5f3c-8c4e-987c23e422d2;2018-12-31;Op-Ed
nyt://article/e9af68da-257c-52b4-bb1c-9a4f54a170be;2019-01-02;News
nyt://article/b16e5ca4-f241-59da-b941-b72a2a0fa338;2019-01-03;News
nyt://article/976f81c4-33bb-5930-a1f0-27c5d31d0c65;2019-01-09;News
nyt://article/c5e4b2ba-a2d6-53af-bf17-38cf6a9903b6;2019-01-10;News
nyt://article/28cb38a9-d015-528e-8c9b-575397ab138b;2019-01-12;News
nyt://article/0c2b32ce-7c34-5dcc-8ee6-6f3fa5c02fc2;2019-01-13;briefing
nyt://article/22457ee9-4f1c-5154-9fed-4e389ff2014d;2019-01-14;briefing
nyt://article/cba352e7-7a65-5d70-83b0-0c0e83093994;2019-01-14;News
nyt://article/1f23a9c4-6401-5539-af7f-54d639bb8ee7;2019-01-17;Review
nyt://article/4297d061-a9f5-5d00-a099-6e153b14cff5;2019-01-18;News
nyt://article/155e21b2-aabe-50f9-8b08-542e639fcff7;2019-01-18;briefing
nyt://article/176b600f-548b-58a8-8217-367139b7f3d8;2019-01-24;News
nyt://article/95555e22-fd9c-5b6c-913a-115651e95b8f;2019-01-26;News
nyt://article/bfd57b22-56a0-50ee-9240-45e19911c2f2;2019-01-27;News
nyt://article/a2637a2f-b326-50bf-a0fa-456a123bc0b9;2019-01-29;News
nyt://article/777ccf2a-be75-5a1c-9607-24256c3cf639;2019-01-30;News
nyt://article/2f0804cd-64c9-5f07-bbb7-93f54713c1ab;2019-01-30;News
nyt://article/48dff377-a006-588f-b956-331d3c58ff98;2019-02-01;News
nyt://article/6f3e210c-4cc9-519b-ace5-9d9b3a3b211c;2019-02-02;Op-Ed
nyt://article/01d06325-e8a7-55e7-9bcb-096e66fcca73;2019-02-13;News
nyt://article/c0a2b7de-39d1-5633-8e60-2427bde8091f;2019-02-15;News
nyt://article/49b62a1d-99ad-5cd1-b135-46c278995332;2019-02-15;News
nyt://article/1b54acc3-9642-5a1b-9512-84a74fa49573;2019-02-18;News
nyt://article/9b03e0a6-4ba3-511f-b9db-322ed853a5a2;2019-02-20;News
nyt://article/483b3bf0-57b2-52ec-978a-eb040937ab1e;2019-02-22;News
nyt://article/d66e8d41-8c31-5ad6-b10b-33e47552bdef;2019-02-26;News
nyt://article/6932841f-86d4-5617-9a8a-600f84016f82;2019-02-26;News
nyt://article/ff7fb5e5-e03d-5d13-a863-8345ec12d65f;2019-02-26;briefing
nyt://article/9dda5d5e-d8e1-5327-b633-e80d2b08c7ab;2019-02-26;briefing
nyt://article/b4019245-4195-56a1-aa58-22ec005800f1;2019-02-26;News
nyt://article/8b7186ce-c822-5f93-8174-f63757bf568c;2019-02-27;News
nyt://article/2e174a61-324e-54d8-88df-c300818ddd82;2019-02-27;News
nyt://article/1e4549fd-2815-56c6-831e-107233cb7b8a;2019-02-28;News
nyt://article/c4f9b284-28ab-5c8f-8994-f4240ba345f0;2019-02-28;News
nyt://article/8b10cd78-b462-59d6-a16e-65ba9abcf1c6;2019-02-28;News
nyt://article/470d6677-5f0c-5c94-9f04-c5f142b70ff9;2019-03-01;News
nyt://article/f4e65185-084c-5580-ac8e-f8b13a447200;2019-03-01;News
nyt://article/f51ec5c5-a9ce-5afb-8b44-6f3485cef738;2019-03-02;News
nyt://article/3c53397d-d7b1-579e-8dd2-d81150777296;2019-03-02;News
nyt://article/bc4e7d31-d7ad-57df-8dfb-7be98134029a;2019-03-06;News
nyt://article/0fb6e36f-bbcc-5ab7-8851-0cc6eeaaa7fa;2019-03-06;briefing
nyt://article/328dd5e7-0a01-57f0-9924-734fbebe1df2;2019-03-07;briefing
nyt://interactive/ca81636d-4df7-5f04-9660-148c7ca65d35;2019-03-07;Interactive Feature
nyt://article/5f8414e0-dc37-509a-a744-aed2ea6068e1;2019-03-08;News
nyt://interactive/6a9733d8-a426-56ae-968f-638ca3e59667;2019-03-08;Interactive Feature
nyt://article/77436018-76eb-5a69-9cc7-c054ca8ef24b;2019-03-08;News
nyt://article/6245619f-b883-5290-b5f6-ac471158eddb;2019-03-09;News
nyt://article/f0926aa3-aa52-5e2d-9d08-ee95b9768493;2019-03-10;News
nyt://article/bd5f56b8-8d07-5a3a-9910-27124ef96465;2019-03-10;briefing
nyt://article/12b59935-2fde-5340-a14a-541148c9d567;2019-03-11;News
nyt://article/3b8cb3fa-d136-5776-a140-54e12480ff54;2019-03-11;News
nyt://article/509b77ad-b255-5c5e-b1f1-205f6eabcd80;2019-03-11;News
nyt://article/20a32a4c-7ad6-5f84-9962-d9605d89ab05;2019-03-11;briefing
nyt://article/b773c579-ea2d-55b6-9870-3ee4272b03f4;2019-03-12;News
nyt://article/e660d72c-fdf2-5abd-97a8-523c42978c27;2019-03-12;briefing
nyt://article/32c7fc69-3935-5fd7-b01f-64037514545d;2019-03-13;News
nyt://article/b7bbec05-ab23-5d6f-8dab-2d0b86da1bf8;2019-03-13;News
nyt://article/ebbd547a-f778-51a4-b901-a71cbb592414;2019-03-13;News
nyt://article/e5e678e3-935c-572c-911a-96db877c6ad5;2019-03-14;News
nyt://article/0cbd171c-3d8e-53bf-a50f-12a96a10cb2d;2019-03-15;News
nyt://article/466d924a-7b5b-56a4-a871-0090094cdca7;2019-03-15;News
nyt://article/37bedf6d-32d5-5068-a7cd-0f5877931891;2019-03-15;briefing
nyt://article/ec787b7c-cee8-5b2c-9378-060c1b0e0c17;2019-03-15;News
nyt://article/0b906b5e-597a-5493-86a8-b7831cee3281;2019-03-19;News
nyt://article/5b98f04c-7a13-5663-8850-5a8109e63f22;2019-03-22;News
nyt://article/f906b307-acaa-52da-9a0b-050cc712d571;2019-03-22;News
nyt://article/6f20d28f-12eb-5b9a-b299-671897fb09d4;2019-03-22;Op-Ed
nyt://article/53d2ca47-2dfc-565a-a8fb-4be64c65ebc6;2019-03-22;News
nyt://article/2583df83-a258-56dc-b003-5408fac9246f;2019-03-25;News
nyt://article/638861b5-c5a7-524a-8c42-75273e2ad3dc;2019-03-26;News
nyt://paidpost/a054f880-fa2d-5858-8dd5-9f01562bc232;2019-03-26;Advertisement
nyt://article/a7629a4f-673a-5322-9a36-0716956e4889;2019-03-27;News
nyt://article/00018684-c130-5b42-850e-60de995d282c;2019-03-29;Biography
nyt://article/a410500d-9840-5bf2-a789-368025618213;2019-04-01;News
nyt://article/316b8d19-b43e-50fa-bf75-688d26da9be0;2019-04-04;News
nyt://article/764aa6fa-5ad8-5fb5-9a35-bd5982a05c27;2019-04-04;News
nyt://article/fda7f4bb-e015-5382-b785-bf4e5b42e98a;2019-04-05;News
nyt://article/57a9718c-73c9-5479-a8ea-e872d162a5fd;2019-04-06;News
nyt://article/1a3c78bb-72ad-535d-a90a-64249e23f427;2019-04-08;News
nyt://article/f02773ad-1b2e-51eb-b70e-8ae6b8d752f7;2019-04-10;News
nyt://article/8b4057a4-5f8d-51a9-a31b-1580fe7f98df;2019-04-11;News
nyt://article/e9c0d3ae-2f1e-5218-a718-52ee26b267bc;2019-04-12;News
nyt://article/091e18f5-534e-58a8-8d99-13c87a6a064e;2019-04-12;News
nyt://article/e64442fa-c656-5dff-a0ea-1d5de69f283a;2019-04-12;News
nyt://article/909df591-900f-5b38-a712-7605e3e73c6e;2019-04-13;News
nyt://article/a53b3721-9498-5d49-9b01-27dba118a8fa;2019-04-16;News
nyt://article/d7577c02-dcfa-57fb-be00-cdb6d02442ef;2019-04-18;News
nyt://article/aca0a20c-bebf-5c3f-887e-3cc7a9e5066c;2019-04-20;News
nyt://article/90e62eaf-85b5-561f-8e1e-49d1052d5824;2019-04-21;Op-Ed
nyt://article/567302bc-c40e-5328-8460-fd18cadff01c;2019-04-22;News
nyt://article/47232f38-422f-549a-9abf-0432bc8e42d3;2019-04-22;News
nyt://article/690bc255-7285-5fc7-b8cc-786c4f646ce0;2019-04-23;News
nyt://article/5d5a0ec6-8426-5c5e-85da-478396ef9b51;2019-04-24;News
nyt://article/446a7618-af3c-5405-a4eb-546020d5a7c3;2019-04-24;News
nyt://article/97d9d1b5-6a97-58ea-8b56-4c6a0deba823;2019-04-24;briefing
nyt://article/367869d4-3f6b-5343-8d5e-b1c66dc688e1;2019-04-26;News
nyt://article/4350d5bc-c43f-5c8f-af0d-b66660f903b0;2019-04-26;News
nyt://article/7af042f9-e971-5cd9-a569-caf5d9796a72;2019-04-26;News
nyt://article/6d27b9c4-4078-5b86-b6e3-7a8f120087bb;2019-04-27;News
nyt://article/1f4eed08-1a2f-5fe6-9ba7-59793c735440;2019-04-29;News
nyt://article/00c72f63-6d5f-55c8-bafd-5f637abde418;2019-04-30;News
nyt://article/5a7ae6ab-c1e0-5678-b2af-be815a4df5e6;2019-04-30;News
nyt://article/a895e176-842f-56bf-94f0-9ffa6def2478;2019-05-01;News
nyt://article/b51e38bb-9c46-546d-84f2-35b9ed980a06;2019-05-02;News
nyt://article/c13926f5-a5a8-59d4-839b-bb05dae88795;2019-05-02;News
nyt://article/ffce1cce-6da9-5239-adf9-544fa03da17e;2019-05-03;News
nyt://article/0a50ffaf-47e3-50df-b9ba-fdcea4fc0977;2019-05-04;News
nyt://article/d80fa98c-bd76-52f4-9ee4-f19be534a473;2019-05-04;News
nyt://article/6d575544-3c1a-5b8b-a6de-2f129a9fdda0;2019-05-09;News
nyt://article/946cf409-ce66-5c23-ab21-9813ecc706f2;2019-05-10;News
nyt://article/6dc7b357-1b0a-52db-bfb8-44307708d6a5;2019-05-13;Review
nyt://article/4a24cf4e-9b9a-55a8-adbc-49ac2f6b2885;2019-05-14;News
nyt://article/c79f575e-f041-5bf5-b9d9-28e15101fcfe;2019-05-14;News
nyt://article/460ac939-5410-5a8f-8951-aa41d829322d;2019-05-16;News
nyt://article/b04d5cb6-e00c-53fc-8120-b22bc76dae76;2019-05-16;News
nyt://article/9bb3efe7-fba7-5264-a4cb-d61f837eecc4;2019-05-16;briefing
nyt://article/3c25d8ad-d429-58d0-acbd-196d84863fc2;2019-05-16;News
nyt://article/9161e8d2-4338-50cd-8362-c28aa46189b3;2019-05-22;News
nyt://article/f96a7487-f73f-56d6-9327-6a6f411dba7c;2019-05-24;News
nyt://article/0e956cc5-70da-5a03-b0e0-7abb0217a707;2019-05-24;News
nyt://interactive/aaea3f4a-9c5f-51b1-85b9-449279815e23;2019-05-24;Interactive Feature
nyt://article/88b6d0b8-077b-5d3d-92ff-814a3ebe72bc;2019-05-24;briefing
nyt://article/0465fa50-9df0-5ff3-b8b9-aa50ae5bb7b9;2019-05-30;News
nyt://article/75be6cda-b164-53f4-8ec4-17adc45d20de;2019-05-31;News
nyt://article/5d8a70f9-a769-51de-9b33-89b211de11b8;2019-05-31;briefing
nyt://article/e4d0cf20-f278-5501-805b-20714b70f7f8;2019-06-01;News
